{"places": [{"index": "0", "_id": "marted\u00ec", "avgDelay": "8.5641205037", "highway": "A1 (Milano-Napoli)"}, {"index": "1", "_id": "gioved\u00ec", "avgDelay": "6.2903509047", "highway": "A1 (Milano-Napoli)"}, {"index": "2", "_id": "luned\u00ec", "avgDelay": "7.7871892265", "highway": "A1 (Milano-Napoli)"}, {"index": "3", "_id": "domenica", "avgDelay": "7.4493398145", "highway": "A1 (Milano-Napoli)"}, {"index": "4", "_id": "venerd\u00ec", "avgDelay": "7.7106724636", "highway": "A1 (Milano-Napoli)"}, {"index": "5", "_id": "mercoled\u00ec", "avgDelay": "8.0011381805", "highway": "A1 (Milano-Napoli)"}, {"index": "6", "_id": "sabato", "avgDelay": "7.3759813706", "highway": "A1 (Milano-Napoli)"}, {"index": "0", "_id": "marted\u00ec", "avgDelay": "14.3251231527", "highway": "A10 (Genova-Ventimiglia)"}, {"index": "1", "_id": "gioved\u00ec", "avgDelay": "14.7634570766", "highway": "A10 (Genova-Ventimiglia)"}, {"index": "2", "_id": "luned\u00ec", "avgDelay": "13.6880880012", "highway": "A10 (Genova-Ventimiglia)"}, {"index": "3", "_id": "domenica", "avgDelay": "12.8398896792", "highway": "A10 (Genova-Ventimiglia)"}, {"index": "4", "_id": "venerd\u00ec", "avgDelay": "14.6157686948", "highway": "A10 (Genova-Ventimiglia)"}, {"index": "5", "_id": "mercoled\u00ec", "avgDelay": "14.403186417", "highway": "A10 (Genova-Ventimiglia)"}, {"index": "6", "_id": "sabato", "avgDelay": "14.4223512337", "highway": "A10 (Genova-Ventimiglia)"}, {"index": "0", "_id": "marted\u00ec", "avgDelay": "2.7068001178", "highway": "A11 (Firenze-Pisa)"}, {"index": "1", "_id": "gioved\u00ec", "avgDelay": "1.784687745", "highway": "A11 (Firenze-Pisa)"}, {"index": "2", "_id": "luned\u00ec", "avgDelay": "1.9909165979", "highway": "A11 (Firenze-Pisa)"}, {"index": "3", "_id": "domenica", "avgDelay": "1.9011835948", "highway": "A11 (Firenze-Pisa)"}, {"index": "4", "_id": "venerd\u00ec", "avgDelay": "1.9729277142", "highway": "A11 (Firenze-Pisa)"}, {"index": "5", "_id": "mercoled\u00ec", "avgDelay": "2.2609612142", "highway": "A11 (Firenze-Pisa)"}, {"index": "6", "_id": "sabato", "avgDelay": "2.0532965771", "highway": "A11 (Firenze-Pisa)"}, {"index": "0", "_id": "marted\u00ec", "avgDelay": "7.3525766471", "highway": "A12 (Genova-Roma)"}, {"index": "1", "_id": "gioved\u00ec", "avgDelay": "6.6806328234", "highway": "A12 (Genova-Roma)"}, {"index": "2", "_id": "luned\u00ec", "avgDelay": "5.8847030724", "highway": "A12 (Genova-Roma)"}, {"index": "3", "_id": "domenica", "avgDelay": "4.5156642288", "highway": "A12 (Genova-Roma)"}, {"index": "4", "_id": "venerd\u00ec", "avgDelay": "6.5735050918", "highway": "A12 (Genova-Roma)"}, {"index": "5", "_id": "mercoled\u00ec", "avgDelay": "6.8565213608", "highway": "A12 (Genova-Roma)"}, {"index": "6", "_id": "sabato", "avgDelay": "5.0916304348", "highway": "A12 (Genova-Roma)"}, {"index": "0", "_id": "marted\u00ec", "avgDelay": "6.8152173913", "highway": "A12RC (Tarquinia-Maccarese)"}, {"index": "1", "_id": "gioved\u00ec", "avgDelay": "6.5790204932", "highway": "A12RC (Tarquinia-Maccarese)"}, {"index": "2", "_id": "luned\u00ec", "avgDelay": "6.6276041667", "highway": "A12RC (Tarquinia-Maccarese)"}, {"index": "3", "_id": "domenica", "avgDelay": "5.6401564537", "highway": "A12RC (Tarquinia-Maccarese)"}, {"index": "4", "_id": "venerd\u00ec", "avgDelay": "6.7460760377", "highway": "A12RC (Tarquinia-Maccarese)"}, {"index": "5", "_id": "mercoled\u00ec", "avgDelay": "6.5644150418", "highway": "A12RC (Tarquinia-Maccarese)"}, {"index": "6", "_id": "sabato", "avgDelay": "6.0900391475", "highway": "A12RC (Tarquinia-Maccarese)"}, {"index": "0", "_id": "marted\u00ec", "avgDelay": "5.7156428119", "highway": "A13 (Bologna-Padova)"}, {"index": "1", "_id": "gioved\u00ec", "avgDelay": "0.1766508777", "highway": "A13 (Bologna-Padova)"}, {"index": "2", "_id": "luned\u00ec", "avgDelay": "5.526073972", "highway": "A13 (Bologna-Padova)"}, {"index": "3", "_id": "domenica", "avgDelay": "3.3492599325", "highway": "A13 (Bologna-Padova)"}, {"index": "4", "_id": "venerd\u00ec", "avgDelay": "4.0555291884", "highway": "A13 (Bologna-Padova)"}, {"index": "5", "_id": "mercoled\u00ec", "avgDelay": "2.4038738924", "highway": "A13 (Bologna-Padova)"}, {"index": "6", "_id": "sabato", "avgDelay": "3.6830272324", "highway": "A13 (Bologna-Padova)"}, {"index": "0", "_id": "marted\u00ec", "avgDelay": "10.3513832659", "highway": "A14 (Bologna-Taranto)"}, {"index": "1", "_id": "gioved\u00ec", "avgDelay": "10.3019678566", "highway": "A14 (Bologna-Taranto)"}, {"index": "2", "_id": "luned\u00ec", "avgDelay": "10.174696788", "highway": "A14 (Bologna-Taranto)"}, {"index": "3", "_id": "domenica", "avgDelay": "8.7497112307", "highway": "A14 (Bologna-Taranto)"}, {"index": "4", "_id": "venerd\u00ec", "avgDelay": "10.307059413", "highway": "A14 (Bologna-Taranto)"}, {"index": "5", "_id": "mercoled\u00ec", "avgDelay": "10.2105826907", "highway": "A14 (Bologna-Taranto)"}, {"index": "6", "_id": "sabato", "avgDelay": "9.3285108919", "highway": "A14 (Bologna-Taranto)"}, {"index": "0", "_id": "marted\u00ec", "avgDelay": "5.7656716418", "highway": "A15 (Parma-La Spezia)"}, {"index": "1", "_id": "gioved\u00ec", "avgDelay": "3.2473867596", "highway": "A15 (Parma-La Spezia)"}, {"index": "2", "_id": "luned\u00ec", "avgDelay": "5.9997702734", "highway": "A15 (Parma-La Spezia)"}, {"index": "3", "_id": "domenica", "avgDelay": "4.9054448226", "highway": "A15 (Parma-La Spezia)"}, {"index": "4", "_id": "venerd\u00ec", "avgDelay": "5.6950529166", "highway": "A15 (Parma-La Spezia)"}, {"index": "5", "_id": "mercoled\u00ec", "avgDelay": "4.4975279253", "highway": "A15 (Parma-La Spezia)"}, {"index": "6", "_id": "sabato", "avgDelay": "5.1154594069", "highway": "A15 (Parma-La Spezia)"}, {"index": "0", "_id": "marted\u00ec", "avgDelay": "5.7064564565", "highway": "A16 (Casoria-Canosa di Puglia)"}, {"index": "1", "_id": "gioved\u00ec", "avgDelay": "6.0601092896", "highway": "A16 (Casoria-Canosa di Puglia)"}, {"index": "2", "_id": "luned\u00ec", "avgDelay": "5.5274996372", "highway": "A16 (Casoria-Canosa di Puglia)"}, {"index": "3", "_id": "domenica", "avgDelay": "4.8562026041", "highway": "A16 (Casoria-Canosa di Puglia)"}, {"index": "4", "_id": "venerd\u00ec", "avgDelay": "5.8539700806", "highway": "A16 (Casoria-Canosa di Puglia)"}, {"index": "5", "_id": "mercoled\u00ec", "avgDelay": "5.8709099594", "highway": "A16 (Casoria-Canosa di Puglia)"}, {"index": "6", "_id": "sabato", "avgDelay": "5.1623821765", "highway": "A16 (Casoria-Canosa di Puglia)"}, {"index": "0", "_id": "marted\u00ec", "avgDelay": "3.3000229727", "highway": "A18 (Messina-Catania)"}, {"index": "1", "_id": "gioved\u00ec", "avgDelay": "3.680608365", "highway": "A18 (Messina-Catania)"}, {"index": "2", "_id": "luned\u00ec", "avgDelay": "2.8396508155", "highway": "A18 (Messina-Catania)"}, {"index": "3", "_id": "domenica", "avgDelay": "2.5520257827", "highway": "A18 (Messina-Catania)"}, {"index": "4", "_id": "venerd\u00ec", "avgDelay": "3.0097194205", "highway": "A18 (Messina-Catania)"}, {"index": "5", "_id": "mercoled\u00ec", "avgDelay": "3.1154965442", "highway": "A18 (Messina-Catania)"}, {"index": "6", "_id": "sabato", "avgDelay": "2.7969056439", "highway": "A18 (Messina-Catania)"}, {"index": "0", "_id": "marted\u00ec", "avgDelay": "11.4488154749", "highway": "A19 (Palermo-Catania)"}, {"index": "1", "_id": "gioved\u00ec", "avgDelay": "10.7985826503", "highway": "A19 (Palermo-Catania)"}, {"index": "2", "_id": "luned\u00ec", "avgDelay": "10.8056379822", "highway": "A19 (Palermo-Catania)"}, {"index": "3", "_id": "domenica", "avgDelay": "9.711377123", "highway": "A19 (Palermo-Catania)"}, {"index": "4", "_id": "venerd\u00ec", "avgDelay": "10.8442895086", "highway": "A19 (Palermo-Catania)"}, {"index": "5", "_id": "mercoled\u00ec", "avgDelay": "11.5287516311", "highway": "A19 (Palermo-Catania)"}, {"index": "6", "_id": "sabato", "avgDelay": "10.2143003273", "highway": "A19 (Palermo-Catania)"}, {"index": "0", "_id": "marted\u00ec", "avgDelay": "4.3188483723", "highway": "A2 (Salerno-Reggio Calabria)"}, {"index": "1", "_id": "gioved\u00ec", "avgDelay": "3.9717559903", "highway": "A2 (Salerno-Reggio Calabria)"}, {"index": "2", "_id": "luned\u00ec", "avgDelay": "3.8712938993", "highway": "A2 (Salerno-Reggio Calabria)"}, {"index": "3", "_id": "domenica", "avgDelay": "3.8069669728", "highway": "A2 (Salerno-Reggio Calabria)"}, {"index": "4", "_id": "venerd\u00ec", "avgDelay": "3.8769355838", "highway": "A2 (Salerno-Reggio Calabria)"}, {"index": "5", "_id": "mercoled\u00ec", "avgDelay": "4.3285083222", "highway": "A2 (Salerno-Reggio Calabria)"}, {"index": "6", "_id": "sabato", "avgDelay": "3.6505628291", "highway": "A2 (Salerno-Reggio Calabria)"}, {"index": "0", "_id": "marted\u00ec", "avgDelay": "9.3867217212", "highway": "A20 (Messina-Buonfornello)"}, {"index": "1", "_id": "gioved\u00ec", "avgDelay": "9.2955099199", "highway": "A20 (Messina-Buonfornello)"}, {"index": "2", "_id": "luned\u00ec", "avgDelay": "8.722228255", "highway": "A20 (Messina-Buonfornello)"}, {"index": "3", "_id": "domenica", "avgDelay": "8.2719565217", "highway": "A20 (Messina-Buonfornello)"}, {"index": "4", "_id": "venerd\u00ec", "avgDelay": "9.1007044091", "highway": "A20 (Messina-Buonfornello)"}, {"index": "5", "_id": "mercoled\u00ec", "avgDelay": "9.0367698192", "highway": "A20 (Messina-Buonfornello)"}, {"index": "6", "_id": "sabato", "avgDelay": "8.3713323191", "highway": "A20 (Messina-Buonfornello)"}, {"index": "0", "_id": "marted\u00ec", "avgDelay": "7.6917247387", "highway": "A21 (Torino-Brescia)"}, {"index": "1", "_id": "gioved\u00ec", "avgDelay": "7.5470620997", "highway": "A21 (Torino-Brescia)"}, {"index": "2", "_id": "luned\u00ec", "avgDelay": "7.3513066202", "highway": "A21 (Torino-Brescia)"}, {"index": "3", "_id": "domenica", "avgDelay": "6.022697512", "highway": "A21 (Torino-Brescia)"}, {"index": "4", "_id": "venerd\u00ec", "avgDelay": "7.1556610359", "highway": "A21 (Torino-Brescia)"}, {"index": "5", "_id": "mercoled\u00ec", "avgDelay": "7.7740203598", "highway": "A21 (Torino-Brescia)"}, {"index": "6", "_id": "sabato", "avgDelay": "6.4468455908", "highway": "A21 (Torino-Brescia)"}, {"index": "0", "_id": "marted\u00ec", "avgDelay": "9.1643437863", "highway": "A22 (Modena-Brennero)"}, {"index": "1", "_id": "gioved\u00ec", "avgDelay": "9.1309198675", "highway": "A22 (Modena-Brennero)"}, {"index": "2", "_id": "luned\u00ec", "avgDelay": "9.0044279907", "highway": "A22 (Modena-Brennero)"}, {"index": "3", "_id": "domenica", "avgDelay": "7.1598429205", "highway": "A22 (Modena-Brennero)"}, {"index": "4", "_id": "venerd\u00ec", "avgDelay": "8.8327040372", "highway": "A22 (Modena-Brennero)"}, {"index": "5", "_id": "mercoled\u00ec", "avgDelay": "8.840876082", "highway": "A22 (Modena-Brennero)"}, {"index": "6", "_id": "sabato", "avgDelay": "7.8639302579", "highway": "A22 (Modena-Brennero)"}, {"index": "0", "_id": "marted\u00ec", "avgDelay": "4.175087108", "highway": "A23 (Palmanova-Tarvisio)"}, {"index": "1", "_id": "gioved\u00ec", "avgDelay": "4.2068003487", "highway": "A23 (Palmanova-Tarvisio)"}, {"index": "2", "_id": "luned\u00ec", "avgDelay": "4.0616289199", "highway": "A23 (Palmanova-Tarvisio)"}, {"index": "3", "_id": "domenica", "avgDelay": "3.3440296878", "highway": "A23 (Palmanova-Tarvisio)"}, {"index": "4", "_id": "venerd\u00ec", "avgDelay": "3.6513937282", "highway": "A23 (Palmanova-Tarvisio)"}, {"index": "5", "_id": "mercoled\u00ec", "avgDelay": "4.0974376852", "highway": "A23 (Palmanova-Tarvisio)"}, {"index": "6", "_id": "sabato", "avgDelay": "3.5704639512", "highway": "A23 (Palmanova-Tarvisio)"}, {"index": "0", "_id": "marted\u00ec", "avgDelay": "5.7907955865", "highway": "A24 (Roma-Teramo)"}, {"index": "1", "_id": "gioved\u00ec", "avgDelay": "5.4420037192", "highway": "A24 (Roma-Teramo)"}, {"index": "2", "_id": "luned\u00ec", "avgDelay": "5.6832171893", "highway": "A24 (Roma-Teramo)"}, {"index": "3", "_id": "domenica", "avgDelay": "4.2460375164", "highway": "A24 (Roma-Teramo)"}, {"index": "4", "_id": "venerd\u00ec", "avgDelay": "5.1399210404", "highway": "A24 (Roma-Teramo)"}, {"index": "5", "_id": "mercoled\u00ec", "avgDelay": "5.4393305439", "highway": "A24 (Roma-Teramo)"}, {"index": "6", "_id": "sabato", "avgDelay": "4.2615518745", "highway": "A24 (Roma-Teramo)"}, {"index": "0", "_id": "marted\u00ec", "avgDelay": "7.9608013937", "highway": "A25 (Torano-Villanova)"}, {"index": "1", "_id": "gioved\u00ec", "avgDelay": "7.8397838215", "highway": "A25 (Torano-Villanova)"}, {"index": "2", "_id": "luned\u00ec", "avgDelay": "7.6618031359", "highway": "A25 (Torano-Villanova)"}, {"index": "3", "_id": "domenica", "avgDelay": "6.0501635769", "highway": "A25 (Torano-Villanova)"}, {"index": "4", "_id": "venerd\u00ec", "avgDelay": "7.0881686705", "highway": "A25 (Torano-Villanova)"}, {"index": "5", "_id": "mercoled\u00ec", "avgDelay": "7.4791702981", "highway": "A25 (Torano-Villanova)"}, {"index": "6", "_id": "sabato", "avgDelay": "6.3737197647", "highway": "A25 (Torano-Villanova)"}, {"index": "0", "_id": "marted\u00ec", "avgDelay": "5.1721835075", "highway": "A26 (Genova-Sempione)"}, {"index": "1", "_id": "gioved\u00ec", "avgDelay": "5.0105752469", "highway": "A26 (Genova-Sempione)"}, {"index": "2", "_id": "luned\u00ec", "avgDelay": "4.7190766551", "highway": "A26 (Genova-Sempione)"}, {"index": "3", "_id": "domenica", "avgDelay": "2.9906936164", "highway": "A26 (Genova-Sempione)"}, {"index": "4", "_id": "venerd\u00ec", "avgDelay": "4.4220492565", "highway": "A26 (Genova-Sempione)"}, {"index": "5", "_id": "mercoled\u00ec", "avgDelay": "4.7582800697", "highway": "A26 (Genova-Sempione)"}, {"index": "6", "_id": "sabato", "avgDelay": "3.7260970648", "highway": "A26 (Genova-Sempione)"}, {"index": "0", "_id": "marted\u00ec", "avgDelay": "6.3371080139", "highway": "A27 (Mestre-Pian di Vedoia)"}, {"index": "1", "_id": "gioved\u00ec", "avgDelay": "6.2611576011", "highway": "A27 (Mestre-Pian di Vedoia)"}, {"index": "2", "_id": "luned\u00ec", "avgDelay": "6.3199041812", "highway": "A27 (Mestre-Pian di Vedoia)"}, {"index": "3", "_id": "domenica", "avgDelay": "4.6497273719", "highway": "A27 (Mestre-Pian di Vedoia)"}, {"index": "4", "_id": "venerd\u00ec", "avgDelay": "5.9463321136", "highway": "A27 (Mestre-Pian di Vedoia)"}, {"index": "5", "_id": "mercoled\u00ec", "avgDelay": "6.1242809831", "highway": "A27 (Mestre-Pian di Vedoia)"}, {"index": "6", "_id": "sabato", "avgDelay": "5.3374754742", "highway": "A27 (Mestre-Pian di Vedoia)"}, {"index": "0", "_id": "marted\u00ec", "avgDelay": "3.3388501742", "highway": "A28 (Portogruaro-Conegliano)"}, {"index": "1", "_id": "gioved\u00ec", "avgDelay": "3.380404463", "highway": "A28 (Portogruaro-Conegliano)"}, {"index": "2", "_id": "luned\u00ec", "avgDelay": "3.3527874564", "highway": "A28 (Portogruaro-Conegliano)"}, {"index": "3", "_id": "domenica", "avgDelay": "2.7762756215", "highway": "A28 (Portogruaro-Conegliano)"}, {"index": "4", "_id": "venerd\u00ec", "avgDelay": "3.2218739115", "highway": "A28 (Portogruaro-Conegliano)"}, {"index": "5", "_id": "mercoled\u00ec", "avgDelay": "3.4323570432", "highway": "A28 (Portogruaro-Conegliano)"}, {"index": "6", "_id": "sabato", "avgDelay": "3.0361813426", "highway": "A28 (Portogruaro-Conegliano)"}, {"index": "0", "_id": "marted\u00ec", "avgDelay": "9.187350576", "highway": "A29 (Palermo-Mazara del Vallo)"}, {"index": "1", "_id": "gioved\u00ec", "avgDelay": "9.1907524313", "highway": "A29 (Palermo-Mazara del Vallo)"}, {"index": "2", "_id": "luned\u00ec", "avgDelay": "9.3354524264", "highway": "A29 (Palermo-Mazara del Vallo)"}, {"index": "3", "_id": "domenica", "avgDelay": "8.5673352436", "highway": "A29 (Palermo-Mazara del Vallo)"}, {"index": "4", "_id": "venerd\u00ec", "avgDelay": "9.1975083056", "highway": "A29 (Palermo-Mazara del Vallo)"}, {"index": "5", "_id": "mercoled\u00ec", "avgDelay": "9.0468396309", "highway": "A29 (Palermo-Mazara del Vallo)"}, {"index": "6", "_id": "sabato", "avgDelay": "8.8758691207", "highway": "A29 (Palermo-Mazara del Vallo)"}, {"index": "0", "_id": "marted\u00ec", "avgDelay": "11.0474738676", "highway": "A30 (Caserta-Fisciano)"}, {"index": "1", "_id": "gioved\u00ec", "avgDelay": "10.325087108", "highway": "A30 (Caserta-Fisciano)"}, {"index": "2", "_id": "luned\u00ec", "avgDelay": "10.0317944251", "highway": "A30 (Caserta-Fisciano)"}, {"index": "3", "_id": "domenica", "avgDelay": "8.1961639058", "highway": "A30 (Caserta-Fisciano)"}, {"index": "4", "_id": "venerd\u00ec", "avgDelay": "9.5282426778", "highway": "A30 (Caserta-Fisciano)"}, {"index": "5", "_id": "mercoled\u00ec", "avgDelay": "10.2768479777", "highway": "A30 (Caserta-Fisciano)"}, {"index": "6", "_id": "sabato", "avgDelay": "9.6367204536", "highway": "A30 (Caserta-Fisciano)"}, {"index": "0", "_id": "marted\u00ec", "avgDelay": "5.4028745645", "highway": "A31 (Rovigo-Piovene Rocchette)"}, {"index": "1", "_id": "gioved\u00ec", "avgDelay": "5.5965126417", "highway": "A31 (Rovigo-Piovene Rocchette)"}, {"index": "2", "_id": "luned\u00ec", "avgDelay": "5.3320993031", "highway": "A31 (Rovigo-Piovene Rocchette)"}, {"index": "3", "_id": "domenica", "avgDelay": "3.2814136126", "highway": "A31 (Rovigo-Piovene Rocchette)"}, {"index": "4", "_id": "venerd\u00ec", "avgDelay": "5.3807699007", "highway": "A31 (Rovigo-Piovene Rocchette)"}, {"index": "5", "_id": "mercoled\u00ec", "avgDelay": "5.1896131056", "highway": "A31 (Rovigo-Piovene Rocchette)"}, {"index": "6", "_id": "sabato", "avgDelay": "3.9134699215", "highway": "A31 (Rovigo-Piovene Rocchette)"}, {"index": "0", "_id": "marted\u00ec", "avgDelay": "7.0757839721", "highway": "A33 (Asti-Cuneo)"}, {"index": "1", "_id": "gioved\u00ec", "avgDelay": "6.7016382015", "highway": "A33 (Asti-Cuneo)"}, {"index": "2", "_id": "luned\u00ec", "avgDelay": "6.5966898955", "highway": "A33 (Asti-Cuneo)"}, {"index": "3", "_id": "domenica", "avgDelay": "5.0143979058", "highway": "A33 (Asti-Cuneo)"}, {"index": "4", "_id": "venerd\u00ec", "avgDelay": "6.1324041812", "highway": "A33 (Asti-Cuneo)"}, {"index": "5", "_id": "mercoled\u00ec", "avgDelay": "6.5550906555", "highway": "A33 (Asti-Cuneo)"}, {"index": "6", "_id": "sabato", "avgDelay": "5.4010462075", "highway": "A33 (Asti-Cuneo)"}, {"index": "0", "_id": "marted\u00ec", "avgDelay": "8.8479433581", "highway": "A4 (Torino-Trieste)"}, {"index": "1", "_id": "gioved\u00ec", "avgDelay": "5.5477957659", "highway": "A4 (Torino-Trieste)"}, {"index": "2", "_id": "luned\u00ec", "avgDelay": "8.6399295813", "highway": "A4 (Torino-Trieste)"}, {"index": "3", "_id": "domenica", "avgDelay": "7.1823028276", "highway": "A4 (Torino-Trieste)"}, {"index": "4", "_id": "venerd\u00ec", "avgDelay": "8.4248295102", "highway": "A4 (Torino-Trieste)"}, {"index": "5", "_id": "mercoled\u00ec", "avgDelay": "6.5396003633", "highway": "A4 (Torino-Trieste)"}, {"index": "6", "_id": "sabato", "avgDelay": "7.4715762274", "highway": "A4 (Torino-Trieste)"}, {"index": "0", "_id": "marted\u00ec", "avgDelay": "11.3696471394", "highway": "A5 (Torino-Traforo Monte Bianco)"}, {"index": "1", "_id": "gioved\u00ec", "avgDelay": "11.8273249739", "highway": "A5 (Torino-Traforo Monte Bianco)"}, {"index": "2", "_id": "luned\u00ec", "avgDelay": "11.7557755776", "highway": "A5 (Torino-Traforo Monte Bianco)"}, {"index": "3", "_id": "domenica", "avgDelay": "12.4354477612", "highway": "A5 (Torino-Traforo Monte Bianco)"}, {"index": "4", "_id": "venerd\u00ec", "avgDelay": "11.8680023571", "highway": "A5 (Torino-Traforo Monte Bianco)"}, {"index": "5", "_id": "mercoled\u00ec", "avgDelay": "8.868590455", "highway": "A5 (Torino-Traforo Monte Bianco)"}, {"index": "6", "_id": "sabato", "avgDelay": "9.5261935484", "highway": "A5 (Torino-Traforo Monte Bianco)"}, {"index": "0", "_id": "marted\u00ec", "avgDelay": "3.1943155452", "highway": "A6 (Torino-Savona)"}, {"index": "1", "_id": "gioved\u00ec", "avgDelay": "0.3603760446", "highway": "A6 (Torino-Savona)"}, {"index": "2", "_id": "luned\u00ec", "avgDelay": "3.9600746269", "highway": "A6 (Torino-Savona)"}, {"index": "3", "_id": "domenica", "avgDelay": "4.272761194", "highway": "A6 (Torino-Savona)"}, {"index": "4", "_id": "venerd\u00ec", "avgDelay": "3.2074616457", "highway": "A6 (Torino-Savona)"}, {"index": "5", "_id": "mercoled\u00ec", "avgDelay": "2.0688559322", "highway": "A6 (Torino-Savona)"}, {"index": "6", "_id": "sabato", "avgDelay": "4.1757462687", "highway": "A6 (Torino-Savona)"}, {"index": "0", "_id": "marted\u00ec", "avgDelay": "5.6429516001", "highway": "A7 (Milano-Genova)"}, {"index": "1", "_id": "gioved\u00ec", "avgDelay": "3.126047486", "highway": "A7 (Milano-Genova)"}, {"index": "2", "_id": "luned\u00ec", "avgDelay": "5.0111238972", "highway": "A7 (Milano-Genova)"}, {"index": "3", "_id": "domenica", "avgDelay": "3.9647964796", "highway": "A7 (Milano-Genova)"}, {"index": "4", "_id": "venerd\u00ec", "avgDelay": "6.1607830015", "highway": "A7 (Milano-Genova)"}, {"index": "5", "_id": "mercoled\u00ec", "avgDelay": "3.3817414884", "highway": "A7 (Milano-Genova)"}, {"index": "6", "_id": "sabato", "avgDelay": "4.7966231773", "highway": "A7 (Milano-Genova)"}, {"index": "0", "_id": "marted\u00ec", "avgDelay": "5.4011299435", "highway": "A9 (Como-Lainate)"}, {"index": "1", "_id": "gioved\u00ec", "avgDelay": "5.3656845754", "highway": "A9 (Como-Lainate)"}, {"index": "2", "_id": "luned\u00ec", "avgDelay": "3.2172024327", "highway": "A9 (Como-Lainate)"}, {"index": "3", "_id": "domenica", "avgDelay": "2.7837603126", "highway": "A9 (Como-Lainate)"}, {"index": "4", "_id": "venerd\u00ec", "avgDelay": "5.3767003837", "highway": "A9 (Como-Lainate)"}, {"index": "5", "_id": "mercoled\u00ec", "avgDelay": "4.9401114206", "highway": "A9 (Como-Lainate)"}, {"index": "6", "_id": "sabato", "avgDelay": "5.6791467131", "highway": "A9 (Como-Lainate)"}]}
